dish_id,name,url_method
1,Thực đơnGiảm cânMón chayĂn vặtBánh - bánh ngọtBánh ngọtMón nhậuChữa bệnhĂn kiêngMón ăn sángMón khai vịNguyên liệuGàCáHeoCuaBòTômẨm thựcViệt NamNgaBrazilTrung QuốcSingaporeHàn QuốcThái LanMalaysiaPhápẤn độMexicoIndonesiaMùa dịp lễTrung thuHalloweenLễ tình nhânSinh nhậtGiáng sinhTếtNgày của mẹCơm gia đìnhLễ cưới hỏiNgày ăn chayNgày thườngCông thức,https://www.cooky.vn/cach-lam/mon-an-giam-can-p5?st=2&itm_source=seo_recipe_menu&itm_medium=desktop&itm_content=purpose&itm_campaign=GiamCan
2,Công thức,https://www.cooky.vn/recipe
5,Công thức từ cộng đồng60Cháo thịt heo bí đỏ40pTrung bình24.46Kxemcông thức bởi:trinhdo364Smoothie xoài chuối kiwi - smoothie healthy bowl30pTrung bình12.08Kxemcông thức bởi:BẾP THÁNG 12192Bánh bông lan trà xanh bằng nồi cơm điện45pTrung bình22.4Kxemcông thức bởi:Tiểu Ngọc202Bún chay kiểu Huế45pDễ73.57Kxemcông thức bởi:Hoàng Thị Tố Hà569Cá basa kho tộ40pTrung bình183.98Kxemcông thức bởi:Trinh Nguyễn920Cơm chiên Dương Châu30pDễ86.53Kxemcông thức bởi:Tuyết Linh Hư,https://www.cooky.vn/cong-thuc/chao-thit-heo-bi-do-393?itm_source=home_z3_p1_chefrecipe&itm_medium=desktop&itm_content=recipe&itm_campaign=Cháo+thịt+heo+bí+đỏ
6,60Cháo thịt heo bí đỏ40pTrung bình24.46Kxemcông thức bởi:trinhdo364Smoothie xoài chuối kiwi - smoothie healthy bowl30pTrung bình12.08Kxemcông thức bởi:BẾP THÁNG 12192Bánh bông lan trà xanh bằng nồi cơm điện45pTrung bình22.4Kxemcông thức bởi:Tiểu Ngọc202Bún chay kiểu Huế45pDễ73.57Kxemcông thức bởi:Hoàng Thị Tố Hà569Cá basa kho tộ40pTrung bình183.98Kxemcông thức bởi:Trinh Nguyễn920Cơm chiên Dương Châu30pDễ86.53Kxemcông thức bởi:Tuyết Linh Hư,https://www.cooky.vn/cong-thuc/chao-thit-heo-bi-do-393?itm_source=home_z3_p1_chefrecipe&itm_medium=desktop&itm_content=recipe&itm_campaign=Cháo+thịt+heo+bí+đỏ
7,60Cháo thịt heo bí đỏ40pTrung bình24.46Kxemcông thức bởi:trinhdo364Smoothie xoài chuối kiwi - smoothie healthy bowl30pTrung bình12.08Kxemcông thức bởi:BẾP THÁNG 12192Bánh bông lan trà xanh bằng nồi cơm điện45pTrung bình22.4Kxemcông thức bởi:Tiểu Ngọc202Bún chay kiểu Huế45pDễ73.57Kxemcông thức bởi:Hoàng Thị Tố Hà569Cá basa kho tộ40pTrung bình183.98Kxemcông thức bởi:Trinh Nguyễn920Cơm chiên Dương Châu30pDễ86.53Kxemcông thức bởi:Tuyết Linh Hư,https://www.cooky.vn/cong-thuc/chao-thit-heo-bi-do-393?itm_source=home_z3_p1_chefrecipe&itm_medium=desktop&itm_content=recipe&itm_campaign=Cháo+thịt+heo+bí+đỏ
8,60Cháo thịt heo bí đỏ40pTrung bình24.46Kxemcông thức bởi:trinhdo,https://www.cooky.vn/cong-thuc/chao-thit-heo-bi-do-393?itm_source=home_z3_p1_chefrecipe&itm_medium=desktop&itm_content=recipe&itm_campaign=Cháo+thịt+heo+bí+đỏ
9,60Cháo thịt heo bí đỏ40pTrung bình24.46Kxemcông thức bởi:trinhdo,https://www.cooky.vn/cong-thuc/chao-thit-heo-bi-do-393?itm_source=home_z3_p1_chefrecipe&itm_medium=desktop&itm_content=recipe&itm_campaign=Cháo+thịt+heo+bí+đỏ
10,60Cháo thịt heo bí đỏ40pTrung bình24.46Kxem,https://www.cooky.vn/cong-thuc/chao-thit-heo-bi-do-393?itm_source=home_z3_p1_chefrecipe&itm_medium=desktop&itm_content=recipe&itm_campaign=Cháo+thịt+heo+bí+đỏ
11,60,https://www.cooky.vn/cong-thuc/chao-thit-heo-bi-do-393?itm_source=home_z3_p1_chefrecipe&itm_medium=desktop&itm_content=recipe&itm_campaign=Cháo+thịt+heo+bí+đỏ
12,364Smoothie xoài chuối kiwi - smoothie healthy bowl30pTrung bình12.08Kxemcông thức bởi:BẾP THÁNG 12,https://www.cooky.vn/cong-thuc/smoothie-xoai-chuoi-kiwi-smoothie-healthy-bowl-50880?itm_source=home_z3_p2_chefrecipe&itm_medium=desktop&itm_content=recipe&itm_campaign=Smoothie+xoài+chuối+kiwi+-+smoothie+healthy+bowl
13,364Smoothie xoài chuối kiwi - smoothie healthy bowl30pTrung bình12.08Kxemcông thức bởi:BẾP THÁNG 12,https://www.cooky.vn/cong-thuc/smoothie-xoai-chuoi-kiwi-smoothie-healthy-bowl-50880?itm_source=home_z3_p2_chefrecipe&itm_medium=desktop&itm_content=recipe&itm_campaign=Smoothie+xoài+chuối+kiwi+-+smoothie+healthy+bowl
14,364Smoothie xoài chuối kiwi - smoothie healthy bowl30pTrung bình12.08Kxem,https://www.cooky.vn/cong-thuc/smoothie-xoai-chuoi-kiwi-smoothie-healthy-bowl-50880?itm_source=home_z3_p2_chefrecipe&itm_medium=desktop&itm_content=recipe&itm_campaign=Smoothie+xoài+chuối+kiwi+-+smoothie+healthy+bowl
15,364,https://www.cooky.vn/cong-thuc/smoothie-xoai-chuoi-kiwi-smoothie-healthy-bowl-50880?itm_source=home_z3_p2_chefrecipe&itm_medium=desktop&itm_content=recipe&itm_campaign=Smoothie+xoài+chuối+kiwi+-+smoothie+healthy+bowl
16,192Bánh bông lan trà xanh bằng nồi cơm điện45pTrung bình22.4Kxemcông thức bởi:Tiểu Ngọc,https://www.cooky.vn/cong-thuc/banh-bong-lan-tra-xanh-bang-noi-com-dien-15298?itm_source=home_z3_p3_chefrecipe&itm_medium=desktop&itm_content=recipe&itm_campaign=Bánh+bông+lan+trà+xanh+bằng+nồi+cơm+điện
17,192Bánh bông lan trà xanh bằng nồi cơm điện45pTrung bình22.4Kxemcông thức bởi:Tiểu Ngọc,https://www.cooky.vn/cong-thuc/banh-bong-lan-tra-xanh-bang-noi-com-dien-15298?itm_source=home_z3_p3_chefrecipe&itm_medium=desktop&itm_content=recipe&itm_campaign=Bánh+bông+lan+trà+xanh+bằng+nồi+cơm+điện
18,192Bánh bông lan trà xanh bằng nồi cơm điện45pTrung bình22.4Kxem,https://www.cooky.vn/cong-thuc/banh-bong-lan-tra-xanh-bang-noi-com-dien-15298?itm_source=home_z3_p3_chefrecipe&itm_medium=desktop&itm_content=recipe&itm_campaign=Bánh+bông+lan+trà+xanh+bằng+nồi+cơm+điện
19,192,https://www.cooky.vn/cong-thuc/banh-bong-lan-tra-xanh-bang-noi-com-dien-15298?itm_source=home_z3_p3_chefrecipe&itm_medium=desktop&itm_content=recipe&itm_campaign=Bánh+bông+lan+trà+xanh+bằng+nồi+cơm+điện
20,202Bún chay kiểu Huế45pDễ73.57Kxemcông thức bởi:Hoàng Thị Tố Hà,https://www.cooky.vn/cong-thuc/bun-chay-kieu-hue-20185?itm_source=home_z3_p4_chefrecipe&itm_medium=desktop&itm_content=recipe&itm_campaign=Bún+chay+kiểu+Huế
21,202Bún chay kiểu Huế45pDễ73.57Kxemcông thức bởi:Hoàng Thị Tố Hà,https://www.cooky.vn/cong-thuc/bun-chay-kieu-hue-20185?itm_source=home_z3_p4_chefrecipe&itm_medium=desktop&itm_content=recipe&itm_campaign=Bún+chay+kiểu+Huế
22,202Bún chay kiểu Huế45pDễ73.57Kxem,https://www.cooky.vn/cong-thuc/bun-chay-kieu-hue-20185?itm_source=home_z3_p4_chefrecipe&itm_medium=desktop&itm_content=recipe&itm_campaign=Bún+chay+kiểu+Huế
23,202,https://www.cooky.vn/cong-thuc/bun-chay-kieu-hue-20185?itm_source=home_z3_p4_chefrecipe&itm_medium=desktop&itm_content=recipe&itm_campaign=Bún+chay+kiểu+Huế
24,569Cá basa kho tộ40pTrung bình183.98Kxemcông thức bởi:Trinh Nguyễn,https://www.cooky.vn/cong-thuc/ca-basa-kho-to-3030?itm_source=home_z3_p5_chefrecipe&itm_medium=desktop&itm_content=recipe&itm_campaign=Cá+basa+kho+tộ
25,569Cá basa kho tộ40pTrung bình183.98Kxemcông thức bởi:Trinh Nguyễn,https://www.cooky.vn/cong-thuc/ca-basa-kho-to-3030?itm_source=home_z3_p5_chefrecipe&itm_medium=desktop&itm_content=recipe&itm_campaign=Cá+basa+kho+tộ
26,569Cá basa kho tộ40pTrung bình183.98Kxem,https://www.cooky.vn/cong-thuc/ca-basa-kho-to-3030?itm_source=home_z3_p5_chefrecipe&itm_medium=desktop&itm_content=recipe&itm_campaign=Cá+basa+kho+tộ
27,569,https://www.cooky.vn/cong-thuc/ca-basa-kho-to-3030?itm_source=home_z3_p5_chefrecipe&itm_medium=desktop&itm_content=recipe&itm_campaign=Cá+basa+kho+tộ
28,920Cơm chiên Dương Châu30pDễ86.53Kxemcông thức bởi:Tuyết Linh Hư,https://www.cooky.vn/cong-thuc/com-chien-duong-chau-4014?itm_source=home_z3_p6_chefrecipe&itm_medium=desktop&itm_content=recipe&itm_campaign=Cơm+chiên+Dương+Châu
29,920Cơm chiên Dương Châu30pDễ86.53Kxemcông thức bởi:Tuyết Linh Hư,https://www.cooky.vn/cong-thuc/com-chien-duong-chau-4014?itm_source=home_z3_p6_chefrecipe&itm_medium=desktop&itm_content=recipe&itm_campaign=Cơm+chiên+Dương+Châu
30,920Cơm chiên Dương Châu30pDễ86.53Kxem,https://www.cooky.vn/cong-thuc/com-chien-duong-chau-4014?itm_source=home_z3_p6_chefrecipe&itm_medium=desktop&itm_content=recipe&itm_campaign=Cơm+chiên+Dương+Châu
31,920,https://www.cooky.vn/cong-thuc/com-chien-duong-chau-4014?itm_source=home_z3_p6_chefrecipe&itm_medium=desktop&itm_content=recipe&itm_campaign=Cơm+chiên+Dương+Châu
32,555Lẩu gà ớt hiểm45pDễ97.69K27Latte Art Chuẩn Barista30pDễ1.1K47Cheesecake Dâu Sữa Chua2h0pDễ1.3K36Sữa Chua Trân Châu Trái Cây1h0pDễ76536Sữa Chua Đào Vải Thạch Lá Dứa1h0pDễ68447Cà Phê Cold Brew Macchiato2h0pDễ1.1K23Homemade Cappuccino30pDễ702638Thịt Kho Tàu Đón Tết1h20pDễ69.75K,https://www.cooky.vn/cong-thuc/lau-ga-ot-hiem-cooky-39462?itm_source=home_z4_p1_cookyrecipe&itm_medium=desktop&itm_content=recipe&itm_campaign=Lẩu+gà+ớt+hiểm
33,555Lẩu gà ớt hiểm45pDễ97.69K27Latte Art Chuẩn Barista30pDễ1.1K47Cheesecake Dâu Sữa Chua2h0pDễ1.3K36Sữa Chua Trân Châu Trái Cây1h0pDễ76536Sữa Chua Đào Vải Thạch Lá Dứa1h0pDễ68447Cà Phê Cold Brew Macchiato2h0pDễ1.1K23Homemade Cappuccino30pDễ702638Thịt Kho Tàu Đón Tết1h20pDễ69.75K,https://www.cooky.vn/cong-thuc/lau-ga-ot-hiem-cooky-39462?itm_source=home_z4_p1_cookyrecipe&itm_medium=desktop&itm_content=recipe&itm_campaign=Lẩu+gà+ớt+hiểm
34,555Lẩu gà ớt hiểm45pDễ97.69K27Latte Art Chuẩn Barista30pDễ1.1K47Cheesecake Dâu Sữa Chua2h0pDễ1.3K36Sữa Chua Trân Châu Trái Cây1h0pDễ76536Sữa Chua Đào Vải Thạch Lá Dứa1h0pDễ68447Cà Phê Cold Brew Macchiato2h0pDễ1.1K23Homemade Cappuccino30pDễ702638Thịt Kho Tàu Đón Tết1h20pDễ69.75K,https://www.cooky.vn/cong-thuc/lau-ga-ot-hiem-cooky-39462?itm_source=home_z4_p1_cookyrecipe&itm_medium=desktop&itm_content=recipe&itm_campaign=Lẩu+gà+ớt+hiểm
35,555Lẩu gà ớt hiểm45pDễ97.69K,https://www.cooky.vn/cong-thuc/lau-ga-ot-hiem-cooky-39462?itm_source=home_z4_p1_cookyrecipe&itm_medium=desktop&itm_content=recipe&itm_campaign=Lẩu+gà+ớt+hiểm
36,555Lẩu gà ớt hiểm45pDễ97.69K,https://www.cooky.vn/cong-thuc/lau-ga-ot-hiem-cooky-39462?itm_source=home_z4_p1_cookyrecipe&itm_medium=desktop&itm_content=recipe&itm_campaign=Lẩu+gà+ớt+hiểm
37,555Lẩu gà ớt hiểm45pDễ97.69K,https://www.cooky.vn/cong-thuc/lau-ga-ot-hiem-cooky-39462?itm_source=home_z4_p1_cookyrecipe&itm_medium=desktop&itm_content=recipe&itm_campaign=Lẩu+gà+ớt+hiểm
38,555,https://www.cooky.vn/cong-thuc/lau-ga-ot-hiem-cooky-39462?itm_source=home_z4_p1_cookyrecipe&itm_medium=desktop&itm_content=recipe&itm_campaign=Lẩu+gà+ớt+hiểm
39,27Latte Art Chuẩn Barista30pDễ1.1K,https://www.cooky.vn/cong-thuc/latte-art-chuan-barista-55850?itm_source=home_z4_p2_cookyrecipe&itm_medium=desktop&itm_content=recipe&itm_campaign=Latte+Art+Chuẩn+Barista
40,27Latte Art Chuẩn Barista30pDễ1.1K,https://www.cooky.vn/cong-thuc/latte-art-chuan-barista-55850?itm_source=home_z4_p2_cookyrecipe&itm_medium=desktop&itm_content=recipe&itm_campaign=Latte+Art+Chuẩn+Barista
41,27Latte Art Chuẩn Barista30pDễ1.1K,https://www.cooky.vn/cong-thuc/latte-art-chuan-barista-55850?itm_source=home_z4_p2_cookyrecipe&itm_medium=desktop&itm_content=recipe&itm_campaign=Latte+Art+Chuẩn+Barista
42,27,https://www.cooky.vn/cong-thuc/latte-art-chuan-barista-55850?itm_source=home_z4_p2_cookyrecipe&itm_medium=desktop&itm_content=recipe&itm_campaign=Latte+Art+Chuẩn+Barista
43,47Cheesecake Dâu Sữa Chua2h0pDễ1.3K,https://www.cooky.vn/cong-thuc/cheesecake-dau-sua-chua-55848?itm_source=home_z4_p3_cookyrecipe&itm_medium=desktop&itm_content=recipe&itm_campaign=Cheesecake+Dâu+Sữa+Chua
44,47Cheesecake Dâu Sữa Chua2h0pDễ1.3K,https://www.cooky.vn/cong-thuc/cheesecake-dau-sua-chua-55848?itm_source=home_z4_p3_cookyrecipe&itm_medium=desktop&itm_content=recipe&itm_campaign=Cheesecake+Dâu+Sữa+Chua
45,47Cheesecake Dâu Sữa Chua2h0pDễ1.3K,https://www.cooky.vn/cong-thuc/cheesecake-dau-sua-chua-55848?itm_source=home_z4_p3_cookyrecipe&itm_medium=desktop&itm_content=recipe&itm_campaign=Cheesecake+Dâu+Sữa+Chua
46,47,https://www.cooky.vn/cong-thuc/cheesecake-dau-sua-chua-55848?itm_source=home_z4_p3_cookyrecipe&itm_medium=desktop&itm_content=recipe&itm_campaign=Cheesecake+Dâu+Sữa+Chua
47,36Sữa Chua Trân Châu Trái Cây1h0pDễ765,https://www.cooky.vn/cong-thuc/sua-chua-tran-chau-trai-cay-55755?itm_source=home_z4_p4_cookyrecipe&itm_medium=desktop&itm_content=recipe&itm_campaign=Sữa+Chua+Trân+Châu+Trái+Cây
48,36Sữa Chua Trân Châu Trái Cây1h0pDễ765,https://www.cooky.vn/cong-thuc/sua-chua-tran-chau-trai-cay-55755?itm_source=home_z4_p4_cookyrecipe&itm_medium=desktop&itm_content=recipe&itm_campaign=Sữa+Chua+Trân+Châu+Trái+Cây
49,36Sữa Chua Trân Châu Trái Cây1h0pDễ765,https://www.cooky.vn/cong-thuc/sua-chua-tran-chau-trai-cay-55755?itm_source=home_z4_p4_cookyrecipe&itm_medium=desktop&itm_content=recipe&itm_campaign=Sữa+Chua+Trân+Châu+Trái+Cây
50,36,https://www.cooky.vn/cong-thuc/sua-chua-tran-chau-trai-cay-55755?itm_source=home_z4_p4_cookyrecipe&itm_medium=desktop&itm_content=recipe&itm_campaign=Sữa+Chua+Trân+Châu+Trái+Cây
51,36Sữa Chua Đào Vải Thạch Lá Dứa1h0pDễ684,https://www.cooky.vn/cong-thuc/sua-chua-dao-vai-thach-la-dua-55847?itm_source=home_z4_p5_cookyrecipe&itm_medium=desktop&itm_content=recipe&itm_campaign=Sữa+Chua+Đào+Vải+Thạch+Lá+Dứa
52,36Sữa Chua Đào Vải Thạch Lá Dứa1h0pDễ684,https://www.cooky.vn/cong-thuc/sua-chua-dao-vai-thach-la-dua-55847?itm_source=home_z4_p5_cookyrecipe&itm_medium=desktop&itm_content=recipe&itm_campaign=Sữa+Chua+Đào+Vải+Thạch+Lá+Dứa
53,36Sữa Chua Đào Vải Thạch Lá Dứa1h0pDễ684,https://www.cooky.vn/cong-thuc/sua-chua-dao-vai-thach-la-dua-55847?itm_source=home_z4_p5_cookyrecipe&itm_medium=desktop&itm_content=recipe&itm_campaign=Sữa+Chua+Đào+Vải+Thạch+Lá+Dứa
54,36,https://www.cooky.vn/cong-thuc/sua-chua-dao-vai-thach-la-dua-55847?itm_source=home_z4_p5_cookyrecipe&itm_medium=desktop&itm_content=recipe&itm_campaign=Sữa+Chua+Đào+Vải+Thạch+Lá+Dứa
55,47Cà Phê Cold Brew Macchiato2h0pDễ1.1K,https://www.cooky.vn/cong-thuc/ca-phe-cold-brew-macchiato-55855?itm_source=home_z4_p6_cookyrecipe&itm_medium=desktop&itm_content=recipe&itm_campaign=Cà+Phê+Cold+Brew+Macchiato
56,47Cà Phê Cold Brew Macchiato2h0pDễ1.1K,https://www.cooky.vn/cong-thuc/ca-phe-cold-brew-macchiato-55855?itm_source=home_z4_p6_cookyrecipe&itm_medium=desktop&itm_content=recipe&itm_campaign=Cà+Phê+Cold+Brew+Macchiato
57,47Cà Phê Cold Brew Macchiato2h0pDễ1.1K,https://www.cooky.vn/cong-thuc/ca-phe-cold-brew-macchiato-55855?itm_source=home_z4_p6_cookyrecipe&itm_medium=desktop&itm_content=recipe&itm_campaign=Cà+Phê+Cold+Brew+Macchiato
58,47,https://www.cooky.vn/cong-thuc/ca-phe-cold-brew-macchiato-55855?itm_source=home_z4_p6_cookyrecipe&itm_medium=desktop&itm_content=recipe&itm_campaign=Cà+Phê+Cold+Brew+Macchiato
59,23Homemade Cappuccino30pDễ702,https://www.cooky.vn/cong-thuc/homemade-cappuccino-55849?itm_source=home_z4_p7_cookyrecipe&itm_medium=desktop&itm_content=recipe&itm_campaign=Homemade+Cappuccino
60,23Homemade Cappuccino30pDễ702,https://www.cooky.vn/cong-thuc/homemade-cappuccino-55849?itm_source=home_z4_p7_cookyrecipe&itm_medium=desktop&itm_content=recipe&itm_campaign=Homemade+Cappuccino
61,23Homemade Cappuccino30pDễ702,https://www.cooky.vn/cong-thuc/homemade-cappuccino-55849?itm_source=home_z4_p7_cookyrecipe&itm_medium=desktop&itm_content=recipe&itm_campaign=Homemade+Cappuccino
62,23,https://www.cooky.vn/cong-thuc/homemade-cappuccino-55849?itm_source=home_z4_p7_cookyrecipe&itm_medium=desktop&itm_content=recipe&itm_campaign=Homemade+Cappuccino
63,638Thịt Kho Tàu Đón Tết1h20pDễ69.75K,https://www.cooky.vn/cong-thuc/lam-thit-kho-tau-don-tet-16508?itm_source=home_z4_p8_cookyrecipe&itm_medium=desktop&itm_content=recipe&itm_campaign=Thịt+Kho+Tàu+Đón+Tết
64,638Thịt Kho Tàu Đón Tết1h20pDễ69.75K,https://www.cooky.vn/cong-thuc/lam-thit-kho-tau-don-tet-16508?itm_source=home_z4_p8_cookyrecipe&itm_medium=desktop&itm_content=recipe&itm_campaign=Thịt+Kho+Tàu+Đón+Tết
65,638Thịt Kho Tàu Đón Tết1h20pDễ69.75K,https://www.cooky.vn/cong-thuc/lam-thit-kho-tau-don-tet-16508?itm_source=home_z4_p8_cookyrecipe&itm_medium=desktop&itm_content=recipe&itm_campaign=Thịt+Kho+Tàu+Đón+Tết
66,638,https://www.cooky.vn/cong-thuc/lam-thit-kho-tau-don-tet-16508?itm_source=home_z4_p8_cookyrecipe&itm_medium=desktop&itm_content=recipe&itm_campaign=Thịt+Kho+Tàu+Đón+Tết
67,817Nấm kho tiêu chay30pDễ229.13K302Đậu hũ om rau nấm chay1h0pDễ12.32K224Canh đu đủ hầm nấm rơm45pDễ10.66K297Bún mọc nấm30pDễ11.06K,https://www.cooky.vn/cong-thuc/nam-kho-tieu-chay-24273
68,817Nấm kho tiêu chay30pDễ229.13K302Đậu hũ om rau nấm chay1h0pDễ12.32K224Canh đu đủ hầm nấm rơm45pDễ10.66K297Bún mọc nấm30pDễ11.06K,https://www.cooky.vn/cong-thuc/nam-kho-tieu-chay-24273
69,817Nấm kho tiêu chay30pDễ229.13K302Đậu hũ om rau nấm chay1h0pDễ12.32K224Canh đu đủ hầm nấm rơm45pDễ10.66K297Bún mọc nấm30pDễ11.06K,https://www.cooky.vn/cong-thuc/nam-kho-tieu-chay-24273
70,817Nấm kho tiêu chay30pDễ229.13K,https://www.cooky.vn/cong-thuc/nam-kho-tieu-chay-24273
71,817Nấm kho tiêu chay30pDễ229.13K,https://www.cooky.vn/cong-thuc/nam-kho-tieu-chay-24273
72,817,https://www.cooky.vn/cong-thuc/nam-kho-tieu-chay-24273
73,302Đậu hũ om rau nấm chay1h0pDễ12.32K,https://www.cooky.vn/cong-thuc/dau-hu-om-rau-nam-chay-48083
74,302Đậu hũ om rau nấm chay1h0pDễ12.32K,https://www.cooky.vn/cong-thuc/dau-hu-om-rau-nam-chay-48083
75,302,https://www.cooky.vn/cong-thuc/dau-hu-om-rau-nam-chay-48083
76,224Canh đu đủ hầm nấm rơm45pDễ10.66K,https://www.cooky.vn/cong-thuc/canh-du-du-ham-nam-rom-48084
77,224Canh đu đủ hầm nấm rơm45pDễ10.66K,https://www.cooky.vn/cong-thuc/canh-du-du-ham-nam-rom-48084
78,224,https://www.cooky.vn/cong-thuc/canh-du-du-ham-nam-rom-48084
79,297Bún mọc nấm30pDễ11.06K,https://www.cooky.vn/cong-thuc/bun-moc-nam-48965
80,297Bún mọc nấm30pDễ11.06K,https://www.cooky.vn/cong-thuc/bun-moc-nam-48965
81,297,https://www.cooky.vn/cong-thuc/bun-moc-nam-48965
82,448Thịt bò xào bông cải xanh35pTrung bình126.44K27Quýt ngâm đường phèn20pDễ6.44K1251Ức gà sốt cam20pDễ306.1K216Bí đỏ um nấm30pDễ10.3K,https://www.cooky.vn/cong-thuc/thit-bo-xao-bong-cai-xanh-14611
83,448Thịt bò xào bông cải xanh35pTrung bình126.44K27Quýt ngâm đường phèn20pDễ6.44K1251Ức gà sốt cam20pDễ306.1K216Bí đỏ um nấm30pDễ10.3K,https://www.cooky.vn/cong-thuc/thit-bo-xao-bong-cai-xanh-14611
84,448Thịt bò xào bông cải xanh35pTrung bình126.44K27Quýt ngâm đường phèn20pDễ6.44K1251Ức gà sốt cam20pDễ306.1K216Bí đỏ um nấm30pDễ10.3K,https://www.cooky.vn/cong-thuc/thit-bo-xao-bong-cai-xanh-14611
85,448Thịt bò xào bông cải xanh35pTrung bình126.44K,https://www.cooky.vn/cong-thuc/thit-bo-xao-bong-cai-xanh-14611
86,448Thịt bò xào bông cải xanh35pTrung bình126.44K,https://www.cooky.vn/cong-thuc/thit-bo-xao-bong-cai-xanh-14611
87,448,https://www.cooky.vn/cong-thuc/thit-bo-xao-bong-cai-xanh-14611
88,27Quýt ngâm đường phèn20pDễ6.44K,https://www.cooky.vn/cong-thuc/quyt-ngam-duong-phen-22329
89,27Quýt ngâm đường phèn20pDễ6.44K,https://www.cooky.vn/cong-thuc/quyt-ngam-duong-phen-22329
90,27,https://www.cooky.vn/cong-thuc/quyt-ngam-duong-phen-22329
91,1251Ức gà sốt cam20pDễ306.1K,https://www.cooky.vn/cong-thuc/uc-ga-sot-cam-me-46665
92,1251Ức gà sốt cam20pDễ306.1K,https://www.cooky.vn/cong-thuc/uc-ga-sot-cam-me-46665
93,1251,https://www.cooky.vn/cong-thuc/uc-ga-sot-cam-me-46665
94,216Bí đỏ um nấm30pDễ10.3K,https://www.cooky.vn/cong-thuc/bi-do-um-nam-50925
95,216Bí đỏ um nấm30pDễ10.3K,https://www.cooky.vn/cong-thuc/bi-do-um-nam-50925
96,216,https://www.cooky.vn/cong-thuc/bi-do-um-nam-50925
97,75Canh chua cá basa45pDễ15.19K225Canh chua cá lóc nấu khế40pDễ55.15K32Canh chua ngó sen nấu tôm30pTrung bình17.93K90Canh chua khổ qua dọc mùng25pDễ8.76K,https://www.cooky.vn/cong-thuc/canh-chua-ca-basa-4889
98,75Canh chua cá basa45pDễ15.19K225Canh chua cá lóc nấu khế40pDễ55.15K32Canh chua ngó sen nấu tôm30pTrung bình17.93K90Canh chua khổ qua dọc mùng25pDễ8.76K,https://www.cooky.vn/cong-thuc/canh-chua-ca-basa-4889
99,75Canh chua cá basa45pDễ15.19K225Canh chua cá lóc nấu khế40pDễ55.15K32Canh chua ngó sen nấu tôm30pTrung bình17.93K90Canh chua khổ qua dọc mùng25pDễ8.76K,https://www.cooky.vn/cong-thuc/canh-chua-ca-basa-4889
100,75Canh chua cá basa45pDễ15.19K,https://www.cooky.vn/cong-thuc/canh-chua-ca-basa-4889
101,75Canh chua cá basa45pDễ15.19K,https://www.cooky.vn/cong-thuc/canh-chua-ca-basa-4889
102,75,https://www.cooky.vn/cong-thuc/canh-chua-ca-basa-4889
103,225Canh chua cá lóc nấu khế40pDễ55.15K,https://www.cooky.vn/cong-thuc/canh-chua-ca-loc-nau-khe-maggi-31966
104,225Canh chua cá lóc nấu khế40pDễ55.15K,https://www.cooky.vn/cong-thuc/canh-chua-ca-loc-nau-khe-maggi-31966
105,225,https://www.cooky.vn/cong-thuc/canh-chua-ca-loc-nau-khe-maggi-31966
106,32Canh chua ngó sen nấu tôm30pTrung bình17.93K,https://www.cooky.vn/cong-thuc/canh-chua-ngo-sen-nau-tom-42016
107,32Canh chua ngó sen nấu tôm30pTrung bình17.93K,https://www.cooky.vn/cong-thuc/canh-chua-ngo-sen-nau-tom-42016
108,32,https://www.cooky.vn/cong-thuc/canh-chua-ngo-sen-nau-tom-42016
109,90Canh chua khổ qua dọc mùng25pDễ8.76K,https://www.cooky.vn/cong-thuc/canh-chua-kho-qua-doc-mung-48098
110,90Canh chua khổ qua dọc mùng25pDễ8.76K,https://www.cooky.vn/cong-thuc/canh-chua-kho-qua-doc-mung-48098
111,90,https://www.cooky.vn/cong-thuc/canh-chua-kho-qua-doc-mung-48098
112,{{currentPhoto.caption()}},https://www.cooky.vn/recipe
